text,label,domain,timestamp
The unstable signal in my area is causing frequent dropped calls.,negative,telecom,2025-07-09 01:11:29.529266
The poor signal in my area is causing frequent dropped calls.,negative,telecom,2025-07-09 08:47:41.694473
I was restarted an incorrect amount on my recent customer service.,neutral,telecom,2025-07-09 22:16:53.859679
I was escalated an incorrect amount on my recent invoice....,positive,telecom,2025-07-09 20:46:06.024886
The poor data plan in my area is causing frequent dropped calls umm .,negative,telecom,2025-07-09 12:38:18.190092
The unstable signal in my area is causing frequent dropped calls.,negative,telecom,2025-07-10 03:26:30.355299
I need to speak with outage about a overpriced charge.,neutral,telecom,2025-07-10 03:04:42.520505
The frustrating network in my area is causing frequent dropped calls.,negative,telecom,2025-07-10 03:04:54.685712
I was restarted an incorrect amount on my recent invoice.,positive,telecom,2025-07-10 04:25:06.850918
My customer service has been unstable for the past few hours.,neutral,telecom,2025-07-10 06:42:19.016125
I need to speak with billing about a helpful charge.,positive,telecom,2025-07-10 09:22:31.181331
[REF-6659] The frustrating SIM card in my area is causing frequent dropped calls.,negative,telecom,2025-07-10 17:32:43.346538
The unstable data plan in my area is causing frequent dropped calls.,negative,telecom,2025-07-10 11:39:55.511744
The frustrating outage in my area is causing frequent dropped calls.,negative,telecom,2025-07-10 09:55:07.676951
Can you check if there is a service signal in my location?,neutral,telecom,2025-07-11 08:58:19.842157
[REF-3230] The frustrating billing in my area is causing frequent dropped calls.,negative,telecom,2025-07-10 15:37:32.007364
The overpriced outage in my area is causing frequent dropped calls.,negative,telecom,2025-07-11 10:43:44.172570
The overpriced dropped call in my area is causing frequent dropped calls.,negative,telecom,2025-07-10 20:41:56.337777
My mobile data plan was suddenly resolved without any warning.,positive,telecom,2025-07-11 01:24:08.502983
The unstable outage in my area is causing frequent dropped calls.,negative,telecom,2025-07-11 23:09:20.668190
My mobile coverage was suddenly restarted without any warning.,neutral,telecom,2025-07-11 07:52:32.833396
I need to speak with SIM card about a excellent charge.,positive,telecom,2025-07-11 22:17:44.998603
Can you check  umm if there is a service SIM card in my location?,neutral,telecom,2025-07-12 06:56:57.163809
The frustrating invoice in my area is causing frequent dropped calls.,negative,telecom,2025-07-12 11:42:09.329016
THE UNSTABLE COVERAGE IN MY AREA IS CAUSING FREQUENT DROPPED CALLS.,negative,telecom,2025-07-12 09:33:21.494222
My customer service has been unlimited for the past few hours.,positive,telecom,2025-07-12 05:36:33.659429
The frustrating dropped call in my area is causing frequent dropped calls.!!!,negative,telecom,2025-07-11 21:43:45.824635
The unstable billing in my area is causing frequent dropped calls.,negative,telecom,2025-07-12 08:44:57.989842
The unstable outage in my area is causing frequent dropped calls.,negative,telecom,2025-07-12 11:53:10.155048
The frustrating invoice in my area is causing frequent dropped calls.,negative,telecom,2025-07-12 23:10:22.320255
My roaming has been intermittent for the past few hours.,positive,telecom,2025-07-12 12:31:34.485461
THE OVERPRICED DROPPED CALL IN MY AREA IS CAUSING FREQUENT DROPPED CALLS.,negative,telecom,2025-07-13 05:21:46.650668
I need to speak with invoice about a excellent charge. ?!?,positive,telecom,2025-07-12 14:20:58.815874
I was resolved an incorrect amount on my recent invoice.,positive,telecom,2025-07-13 12:21:10.981081
I NEED TO SPEAK WITH SIGNAL ABOUT A EXCELLENT CHARGE.,positive,telecom,2025-07-13 05:30:23.146287
[REF-3564] The frustrating billing in my area is causing freque ... nt dropped calls.,negative,telecom,2025-07-13 14:02:35.311494
The intermittent SIM card in my area is causing frequent dropped calls.,negative,telecom,2025-07-13 16:08:47.476700
The frustrating dropped call in my area is causing frequent dropped calls.,negative,telecom,2025-07-13 23:18:59.641907
The overpriced coverage in my area is causing frequent dropped calls.,negative,telecom,2025-07-13 11:38:11.807113
I was upgraded an incorrect amount on my recent roaming.,positive,telecom,2025-07-13 23:15:23.972320
The intermittent outage in my area is causing frequent dropped calls.,negative,telecom,2025-07-13 16:11:36.137526
The unstable outage i you know n my area is causing frequent dropped calls.,negative,telecom,2025-07-14 00:50:48.302733
The frustr ... ating customer service in my area is causing frequent dropped calls.,negative,telecom,2025-07-14 03:02:00.467939
The unstable SIM card in my area is causing frequent droppe you know d calls.,negative,telecom,2025-07-13 18:31:12.633146
[REF-6385] The intermittent outage in my area is causing frequent dropped calls.,negative,telecom,2025-07-14 14:00:24.798352
The frustrating dropped call in my area is causing frequent dropped calls.,negative,telecom,2025-07-14 05:44:36.963559
[REF-3098] My mobile roaming was suddenly reported without any warning.,neutral,telecom,2025-07-15 01:06:49.128765
The unstable invoice i like n my area is causing frequent dropped calls.,negative,telecom,2025-07-14 07:29:01.293972
The overpriced customer service in my area is causing frequent dropped calls. ?!?,negative,telecom,2025-07-14 19:58:13.459178
My mobile signal was suddenly escalated without any warning.,positive,telecom,2025-07-14 23:40:25.624385
I need to speak with customer service about a helpful charge.,positive,telecom,2025-07-15 00:38:37.789591
My signal has been intermittent for the past few hours.,positive,telecom,2025-07-14 16:51:49.954798
My coverage has b you know een unlimited for the past few hours.,positive,telecom,2025-07-15 13:37:02.120004
The overpriced customer service in my area is causing frequent dropped calls.,negative,telecom,2025-07-15 14:38:14.285211
The frustrating signal in my area is causing frequent dropped calls.,neutral,telecom,2025-07-15 23:34:26.450417
CAN YOU CHECK IF THERE IS A SERVICE INVOICE IN MY LOCATION?,positive,telecom,2025-07-15 17:30:38.615624
The intermittent SIM card in my area is causing frequent dropped calls.,negative,telecom,2025-07-16 02:29:50.780830
The unstable signal in my area is causing frequent dropped calls.,negative,telecom,2025-07-15 22:10:02.946037
My billing has been unlimited for the past few hours.,positive,telecom,2025-07-15 17:37:15.111243
The overpriced dropped call in my area is causing frequent dropped calls.,negative,telecom,2025-07-16 00:04:27.276450
I need to speak with data plan about a helpful charge.!!!,positive,telecom,2025-07-16 04:19:39.441656
The poor outage in my area is causing frequent dropped calls.,negative,telecom,2025-07-16 07:35:51.606863
I was restarted an incorrect amount on my recent data plan.,positive,telecom,2025-07-16 15:48:03.772070
I need to speak with billing about a intermittent charge.,positive,telecom,2025-07-16 08:06:15.937276
THE POOR SIM CARD IN MY AREA IS CAUSING FREQUENT DROPPED CALLS.,negative,telecom,2025-07-16 14:04:28.102483
I was charged an incorrect amount on my recent coverage.,positive,telecom,2025-07-17 03:24:40.267689
I was upgraded an incorrect amount on my recent signal.,positive,telecom,2025-07-17 00:04:52.432896
I need to speak w ... ith invoice about a unlimited charge.,positive,telecom,2025-07-16 23:30:04.598102
The unstable dropped call in my area is causing frequent dropped calls.,negative,telecom,2025-07-17 08:01:16.763309
I was reported an incorrect amount on my recent signal.,neutral,telecom,2025-07-17 01:58:28.928515
My billing has been excellent for the past few hours.,positive,telecom,2025-07-17 09:40:41.093722
My mobile customer service was suddenly throttled without any warning.,neutral,telecom,2025-07-17 07:53:53.258928
The overpriced outage in my area is causing frequent dropped calls.,negative,telecom,2025-07-17 08:24:05.424135
My invoice has been poor for the past few hours.,neutral,telecom,2025-07-17 05:28:17.589341
The frustrating invoice in my area is causing frequent dropped calls.,negative,telecom,2025-07-17 22:45:29.754548
The intermittent customer service in my area is causing frequent dropped calls.,negative,telecom,2025-07-18 01:33:41.919754
I was upgraded an incorrect amount on my recent coverage.,positive,telecom,2025-07-17 11:47:54.084961
The poor invoice in my area is causing frequent dropped calls.,negative,telecom,2025-07-18 08:27:06.250167
The overpriced dropped call in my area is causing frequent dropped calls....,negative,telecom,2025-07-17 19:37:18.415374
My mobile network was suddenly upgraded without any warning.,positive,telecom,2025-07-18 12:06:30.580580
[REF-9524] The frustrating network in my area is causing frequent dropped calls.,negative,telecom,2025-07-18 04:18:42.745787
The unstable invoice in my area is causing frequent dropped calls.,negative,telecom,2025-07-18 19:17:54.910993
MY MOBILE DATA PLAN WAS SUDDENLY RESTARTED WITHOUT ANY WARNING.,positive,telecom,2025-07-18 08:19:07.076200
I need to speak with roaming about a helpful charge.,positive,telecom,2025-07-19 00:17:19.241406
I NEED TO SPEAK WITH INVOICE ABOUT A EXCELLENT CHARGE.,positive,telecom,2025-07-19 03:46:31.406613
The frustrating network in my area is causing frequent dropped calls.,negative,telecom,2025-07-18 17:27:43.571819
The overpriced outage in my area is causing frequent dropped calls.,negative,telecom,2025-07-19 06:07:55.737026
I was resolved an incorrect amount on my recent data plan.!!!,positive,telecom,2025-07-19 00:55:07.902232
The unstable network in my area is causing frequent dropped calls.,negative,telecom,2025-07-19 08:43:20.067439
The poor dropped call in my area is causing frequent dropped calls.,negative,telecom,2025-07-19 19:43:32.232645
Can you check if there is a service network in my location?,neutral,telecom,2025-07-19 08:39:44.397852
The unstable signal in my area is causing frequent dropped calls.,negative,telecom,2025-07-19 15:19:56.563058
I was resolved an incorrect amount on my recent customer service.,positive,telecom,2025-07-20 04:01:08.728265
The intermittent signal in my area is causing frequent dropped calls.,neutral,telecom,2025-07-20 07:08:20.893471
THE UNSTABLE DROPPED CALL IN MY AREA IS CAUSING FREQUENT DROPPED CALLS.,negative,telecom,2025-07-19 19:10:33.058678
The poor roaming in my area is causing frequent dropped calls.,negative,telecom,2025-07-20 12:17:45.223884
I need to speak with outage about a unstable charge.,neutral,telecom,2025-07-19 19:24:57.389091
My customer service has been unlimited for the past few hours. ?!?,positive,telecom,2025-07-20 01:10:09.554297
The unstable signal in my area is causing frequent dropped calls. ?!?,negative,telecom,2025-07-20 06:49:21.719504
The frustrating customer service in my area is causing frequent dropped calls.,negative,telecom,2025-07-20 17:13:33.884710
My mobile network was suddenly escalated without any warning.,positive,telecom,2025-07-20 06:26:46.049917
My data plan has been helpful for the past few hours. ?!?,positive,telecom,2025-07-21 06:16:58.215123
[REF-3589] The poor data plan in my area is causing frequent dropped calls.,negative,telecom,2025-07-20 15:37:10.380330
[REF-1985] The poor billing in my area is causing frequent dropped calls. ?!?,negative,telecom,2025-07-20 21:47:22.545536
My mobile billing was suddenly activated without any warning.,positive,telecom,2025-07-20 22:52:34.710743
I was restarted an incorrect amount on my recent dropped call.,neutral,telecom,2025-07-21 09:42:46.875949
The overpriced data plan in my area is causing frequent dropped calls.,negative,telecom,2025-07-21 01:31:59.041156
Can you check if there is a service billing in my location?,positive,telecom,2025-07-21 05:00:11.206362
CAN YOU CHECK IF THERE IS A SERVICE INVOICE IN MY LOCATION?,positive,telecom,2025-07-21 21:29:23.371569
I need to speak with dropped c like all about a unstable charge....,neutral,telecom,2025-07-21 14:25:35.536775
I need to speak with signal about a unlimited charge.,positive,telecom,2025-07-22 04:02:47.701982
The overpriced coverage in my area is causing frequent dropped calls.,negative,telecom,2025-07-21 17:16:59.867188
The poor invoice in my area is causing frequent dropped calls.,negative,telecom,2025-07-22 10:30:12.032395
The frustrating roaming in my area is causing frequent dropped calls.,negative,telecom,2025-07-22 05:49:24.197601
Can you check if there is a service outage in my location?,neutral,telecom,2025-07-22 14:26:36.362808
The poor invoice in my area is causing frequent dropped calls.,negative,telecom,2025-07-22 07:39:48.528014
I was charged an ...  incorrect amount on my recent billing.,positive,telecom,2025-07-22 13:15:00.693221
The overpriced coverage in my area is causing frequent dropped calls.!!!,negative,telecom,2025-07-22 22:13:12.858427
My SIM card has been excellent for the past few hours.,positive,telecom,2025-07-22 16:41:25.023634
Can you check if there is a service data plan in my location?,positive,telecom,2025-07-22 10:20:37.188840
I was resolved an incorrect amount on my recent signal.,positive,telecom,2025-07-22 21:23:49.354047
The intermittent invoice in my area is causing frequent dropped calls.,negative,telecom,2025-07-22 18:04:01.519253
The overpriced signal in my area is you know  causing frequent dropped calls.,negative,telecom,2025-07-22 15:52:13.684460
The poor outage in my area is causing frequent dropped calls.,negative,telecom,2025-07-22 18:45:25.849667
The poor signal in my area is causing frequent dropped calls.,negative,telecom,2025-07-23 02:18:38.014873
Can you check if there is a service SIM card in my location?,positive,telecom,2025-07-23 22:27:50.180080
[REF-9156] The poor SIM card in my area is causing frequent dropped calls.,neutral,telecom,2025-07-24 00:44:02.345286
The overpriced outage in my area is causing frequent dropped calls.,negative,telecom,2025-07-23 05:21:14.510493
Can you check if there is a service data plan in my location?,positive,telecom,2025-07-23 20:59:26.675699
[REF-9254] The poor outage in my area is causing frequent dropped calls.,negative,telecom,2025-07-24 00:18:38.840906
My signal has been unlimited for the past few hours. ?!?,positive,telecom,2025-07-24 12:55:51.006112
The frustrating network in my area is causing frequent dropped calls.,negative,telecom,2025-07-24 12:56:03.171319
The unstable roaming in my area is causing frequent dropped calls.,negative,telecom,2025-07-24 18:04:15.336525
My mobile invoice was suddenly upgraded without any warning.,positive,telecom,2025-07-24 07:47:27.501732
My mobile signal was suddenly charged without any warning.,neutral,telecom,2025-07-24 21:56:39.666938
My signal has been unlimited for the past few hours.,positive,telecom,2025-07-24 10:06:51.832145
[REF-8015] The frustrating billing in my area is causing frequent dropped calls.,negative,telecom,2025-07-24 21:50:03.997351
Can you check if there is a service network in my location?,positive,telecom,2025-07-24 19:02:16.162558
My roaming has been helpful for the past few hours.,positive,telecom,2025-07-24 17:54:28.327764
The overpriced coverage in my area is causing frequent dropped calls.!!!,neutral,telecom,2025-07-25 10:06:40.492971
The frustrating outage in my area is causing frequent dropped calls.,negative,telecom,2025-07-25 09:54:52.658177
MY MOBILE SIGNAL WAS SUDDENLY ACTIVATED WITHOUT ANY WARNING.,positive,telecom,2025-07-25 11:48:04.823384
 like Can you check if there is a service network in my location?,positive,telecom,2025-07-25 02:29:16.988590
THE POOR NETWORK IN MY AREA IS CAUSING FREQUENT DROPPED CALLS.,negative,telecom,2025-07-25 08:59:29.153797
I NEED TO SPEAK WITH INVOICE ABOUT A EXCELLENT CHARGE.,positive,telecom,2025-07-26 01:54:41.319003
I need to speak with signal about a unlimited charge.,positive,telecom,2025-07-25 14:41:53.484210
My outage has been unstable for the past few hours. (ticket:721065),neutral,telecom,2025-07-25 15:54:05.649416
My mobile coverage was suddenly activated without any warning.,positive,telecom,2025-07-25 21:17:17.814623
[REF-5600] The poor invoice in my area is causing frequent dropped calls.,negative,telecom,2025-07-25 18:09:29.979829
My mobile data plan was suddenly resta you know rted without any warning.,positive,telecom,2025-07-25 21:27:42.145036
The overpriced outage in my area is causing frequent dropped calls.,negative,telecom,2025-07-26 11:08:54.310242
[REF-8897] The poor outage in my area is causing frequent dropped calls.!!!,negative,telecom,2025-07-26 11:31:06.475449
The overp ... riced network in my area is causing frequent dropped calls.,negative,telecom,2025-07-26 11:02:18.640655
The overpriced roaming in my area is causing frequent dropped calls.,negative,telecom,2025-07-27 01:33:30.805862
My mobile coverage was suddenly restarted without any warning.,positive,telecom,2025-07-27 03:34:42.971068
My signal has been intermittent like  for the past few hours.,neutral,telecom,2025-07-27 06:19:55.136275
The poor data plan in my area is causing frequent dropped calls.,negative,telecom,2025-07-26 17:03:07.301481
The unstable outage in my area is causing frequent dropped calls.,negative,telecom,2025-07-26 22:06:19.466688
The overpriced data plan in my area is causing frequent dropped calls....,negative,telecom,2025-07-27 15:34:31.631894
The poor network in my area is causing frequent dropped calls.,negative,telecom,2025-07-26 21:36:43.797101
The intermittent data plan in my area is causing frequent dropped calls.,negative,telecom,2025-07-27 02:16:55.962307
[REF-1305] The overpriced coverage in my area is causing frequent dropped calls.,negative,telecom,2025-07-27 12:01:08.127514
My mobile coverage was suddenly restarted without any warning.,neutral,telecom,2025-07-27 10:40:20.292720
My mobile invoice was suddenly escalated without any warning.,neutral,telecom,2025-07-27 09:40:32.457927
I was escalated an  ... incorrect amount on my recent network.,positive,telecom,2025-07-27 21:45:44.623133
The frustrating signal in my area is causing frequent dropped calls.,negative,telecom,2025-07-27 11:44:56.788340
[REF-4459] The frustrating billing in my area is causing frequent dropped calls.,negative,telecom,2025-07-28 12:01:08.953546
My SIM card has been frustrating for the past few hours.,neutral,telecom,2025-07-27 17:10:21.118753
I was reported an incorrect amount on my recent roaming.,positive,telecom,2025-07-28 09:28:33.283959
THE OVERPRICED CUSTOMER SERVICE IN MY AREA IS CAUSING FREQUENT DROPPED CALLS.,negative,telecom,2025-07-28 15:24:45.449166
My signal has been intermittent for the past few hours.,positive,telecom,2025-07-28 23:06:57.614372
My mobile network was suddenly charge like d without any warning.,positive,telecom,2025-07-28 20:58:09.779579
The frustrating roaming in my area is causing frequent dro umm pped calls. ?!?,negative,telecom,2025-07-29 01:06:21.944785
The frustrating billing in my area is causing frequent dropped calls.,negative,telecom,2025-07-29 01:34:34.109992
My SIM card has been unlimited for the past few hours.,positive,telecom,2025-07-28 19:59:46.275198
The overpriced coverage in my area is causing frequent dropped calls. ?!?,negative,telecom,2025-07-28 16:58:58.440405
The po ... or network in my area is causing frequent dropped calls.,negative,telecom,2025-07-29 16:28:10.605611
The overpriced invoice in my area is causing frequent dropped calls.,negative,telecom,2025-07-29 00:03:22.770818
[REF-3965] I WAS RESTARTED AN INCORRECT AMOUNT ON MY RECENT SIM CARD.,neutral,telecom,2025-07-29 21:46:34.936024
I need to speak with signal about a excellent charge.,positive,telecom,2025-07-29 23:58:47.101231
I was resolved an incorrect amount on my recent customer service.,positive,telecom,2025-07-29 05:03:59.266437
THE UNSTABLE SIM CARD IN MY AREA IS CAUSING FREQUENT DROPPED CALLS.,neutral,telecom,2025-07-30 01:14:11.431644
The poor outage in my area is causing frequent dropped calls. ?!?,negative,telecom,2025-07-29 09:57:23.596850
My roaming has been unlimited for the past few hours.,positive,telecom,2025-07-30 04:23:35.762057
The overpriced customer service in my area is causing frequent dropped calls.,negative,telecom,2025-07-29 23:05:47.927263
My billing has been unlimited for the past few hours.,positive,telecom,2025-07-30 13:14:00.092470
The unstable data plan in my area is causing frequent dropped calls.,negative,telecom,2025-07-29 22:16:12.257677
My mobile roaming was suddenly reported without any warning.,positive,telecom,2025-07-30 06:33:24.422883
I need to speak with SIM card about a unlimited  ... charge.,positive,telecom,2025-07-30 21:09:36.588090
The overpriced invoice in my area is causing frequent dropped calls....,negative,telecom,2025-07-31 01:06:48.753296
Can you check if  ... there is a service SIM card in my location?,positive,telecom,2025-07-31 01:42:00.918503
The overpriced signal in my area is causing frequent dropped calls.,negative,telecom,2025-07-30 18:59:13.083709
The frustrating customer service in my area is causing frequent dropped calls.,negative,telecom,2025-07-30 15:50:25.248916
The unstable outage in my area is causing frequent dropped calls.,negative,telecom,2025-07-31 01:22:37.414122
The frustrating signal in my area is causing f umm requent dropped calls.,negative,telecom,2025-07-31 01:03:49.579329
My coverage has been excellent for the past few hours.,positive,telecom,2025-07-31 16:46:01.744535
I NEED TO SPEAK WITH INVOICE ABOUT A INTERMITTENT CHARGE.,positive,telecom,2025-07-31 13:47:13.909742
The overpriced outage in my area is causing frequent dropped calls.,negative,telecom,2025-07-31 07:37:26.074948
The overpriced roaming in my area is causing frequent dropped calls.,negative,telecom,2025-08-01 01:40:38.240155
I need to speak with SIM card about a unlimited charge.,positive,telecom,2025-08-01 07:17:50.405361
My SIM card has been intermittent for the past few hours.,positive,telecom,2025-07-31 22:15:02.570568
The overpriced network in my area is causing frequent dropped calls.,negative,telecom,2025-08-01 10:46:14.735774
The unstable network in my area is causing frequent dropped calls.,negative,telecom,2025-08-01 09:47:26.900981
[REF-8393] The intermitten umm t invoice in my area is causing frequent dropped calls.,negative,telecom,2025-07-31 22:04:39.066187
My mobile signal was suddenly activated without any warning.,positive,telecom,2025-08-01 15:27:51.231394
[REF-3845] The unstable billing in my area is causing frequent dropped calls.,negative,telecom,2025-08-01 20:15:03.396600
The frustrating billing in my area is causing frequent dropped calls.,negative,telecom,2025-08-01 19:40:15.561807
My mobile invoice was suddenly reported without any warning.!!!,neutral,telecom,2025-08-01 12:28:27.727013
The frustrating customer service in my area is causing frequent dropped calls.,negative,telecom,2025-08-01 17:29:39.892220
The unstable outage in my area is causing frequent dropped calls.,negative,telecom,2025-08-02 00:17:52.057426
The overpriced billing in my area is causing frequent dropped calls.,neutral,telecom,2025-08-01 22:58:04.222633
My invoice has been frustrating for the past few hours.,neutral,telecom,2025-08-02 03:59:16.387839
My customer service has been helpful for the past few hours.,positive,telecom,2025-08-02 01:44:28.553046
My mobile invoice was suddenly resolved without any warning.,positive,telecom,2025-08-01 22:50:40.718252
[REF-1071] The frustrating SIM card in my area is causing frequent dropped calls.,negative,telecom,2025-08-02 06:10:52.883459
Can you check if there is a service coverage in my location?,positive,telecom,2025-08-02 22:34:05.048665
The poor outage in my area is causing frequent dropped calls.!!!,negative,telecom,2025-08-02 12:20:17.213872
The overpriced outage in my area is causing frequent dropped calls.,negative,telecom,2025-08-03 05:47:29.379078
The frustrating dropped call in my area is causing frequent dropped calls.,negative,telecom,2025-08-03 07:50:41.544285
My mobile network was suddenly disconnected without any warning.,neutral,telecom,2025-08-02 22:43:53.709491
My mobile coverage was suddenly escalated without any warning. ?!?,neutral,telecom,2025-08-03 15:21:05.874698
My mobile roaming was suddenly resolved without any warning.,positive,telecom,2025-08-03 10:39:18.039904
The intermittent dropped call in my area is causing frequent dropped calls.,negative,telecom,2025-08-03 10:39:30.205111
The poor coverage in my area is causing frequent dropped calls.,negative,telecom,2025-08-03 20:14:42.370317
I was restarted an incorrect amount on my recent roaming.,neutral,telecom,2025-08-03 04:25:54.535524
The unstable outage in my area is causing frequent dropped calls.,negative,telecom,2025-08-03 07:59:06.700730
I need to speak with coverage about a unlimited charge.,positive,telecom,2025-08-04 01:33:18.865937
My mobile network was suddenly activated without any warning.,positive,telecom,2025-08-03 20:43:31.031143
My mobile customer service was suddenly activated without any warning.,positive,telecom,2025-08-03 15:43:43.196350
The frustrating dropped call in my area is causing frequent dropped calls.,negative,telecom,2025-08-04 16:37:55.361556
My billing has been u ... nstable for the past few hours.,neutral,telecom,2025-08-04 04:38:07.526763
My mobile SIM card was suddenly activated without any warning.,positive,telecom,2025-08-04 07:16:19.691969
My mobile customer service was suddenly upgraded without any warning.,positive,telecom,2025-08-04 02:04:31.857176
I was resolved an incorrect amount on my recent signal.,positive,telecom,2025-08-04 10:59:44.022382
I NEED TO SPEAK WITH INVOICE ABOUT A OVERPRICED CHARGE umm .!!!,neutral,telecom,2025-08-04 09:07:56.187589
The overpriced invoice in my area is causing frequent dropped calls.,negative,telecom,2025-08-05 05:55:08.352795
Can you check if there is a service customer service in my location?,positive,telecom,2025-08-04 15:31:20.518002
The unstable outage in my area is causing frequent dropped calls.,negative,telecom,2025-08-05 13:06:32.683208
THE UNSTABLE OUTAGE IN MY AREA IS CAUSING FREQUENT DROPPED CALLS.,negative,telecom,2025-08-04 20:22:44.848415
My mobile signal was suddenly escalated without any warning.,positive,telecom,2025-08-05 03:27:57.013621
My coverage has been unlimited for the past few hours.,positive,telecom,2025-08-05 17:58:09.178828
THE INTERMITTENT DROPPED CALL IN MY AREA IS CAUSING FREQUENT DROPPED CALLS.,negative,telecom,2025-08-05 15:36:21.344034
My mobile billing was suddenly upgraded without any warning.,positive,telecom,2025-08-06 02:38:33.509241
My mobile dropped call was suddenly restarted without any warning.,neutral,telecom,2025-08-06 05:57:45.674447
The poor billing in my area is causing frequent dropped calls.,negative,telecom,2025-08-06 03:08:57.839654
I NEED TO SPEAK WITH DATA PLAN ABOUT A FRUSTRATING CHARGE.,neutral,telecom,2025-08-05 16:23:10.004860
The frustrating SIM card in my area is causing frequent dropped calls.,negative,telecom,2025-08-05 17:44:22.170067
Can you check if there is a service network in my location?!!!,positive,telecom,2025-08-06 05:44:34.335274
The unstable network in my area is causing frequent dropped calls.,negative,telecom,2025-08-06 08:22:46.500480
The fru umm strating dropped call in my area is causing frequent dropped calls.!!!,negative,telecom,2025-08-06 05:28:58.665687
My mobile invoice was suddenly activated without any warning.,positive,telecom,2025-08-06 20:02:10.830893
THE OVERPRICED INVOICE IN MY AREA IS CAUSING FREQUENT DROPPED CALLS.,negative,telecom,2025-08-06 05:55:22.996100
[REF-2085] My coverage has been overpriced for the past few hours.,neutral,telecom,2025-08-06 21:14:35.161306
The intermittent billing in my area is causing frequent dropped calls.,negative,telecom,2025-08-07 09:00:47.326513
I was disconnected an incorrect amount you know  on my recent dropped call.,neutral,telecom,2025-08-07 02:55:59.491719
The poor customer service in my area is causing frequent dropped calls.,neutral,telecom,2025-08-07 03:05:11.656926
I need to speak with roaming about a excellent charge.,positive,telecom,2025-08-07 15:37:23.822132
My network has been excellent for the past few hours.,positive,telecom,2025-08-07 14:59:35.987339
My mobile signal was suddenly resolved without any warning.,positive,telecom,2025-08-07 16:02:48.152545
My network has been helpful for the past few hours.,positive,telecom,2025-08-07 12:40:00.317752
My network has been excellent for the past few hours.,positive,telecom,2025-08-07 07:49:12.482958
My mobile coverage was suddenly throttled without any warning.,neutral,telecom,2025-08-07 19:53:24.648165
I need to speak with roaming about a overpriced charge.,neutral,telecom,2025-08-08 03:34:36.813371
The intermittent dropped call in my area is causing frequent dropped calls.,negative,telecom,2025-08-08 10:10:48.978578
MY MOBILE ROAMING WAS SUDDENLY CHARGED WITHOUT ANY WARNING.,neutral,telecom,2025-08-08 01:14:01.143784
I need to speak with billing about a poor charge.,neutral,telecom,2025-08-08 05:48:13.308991
The intermittent dropped call in my area is causing frequent dropped calls.,negative,telecom,2025-08-08 00:29:25.474197
I need to speak with invoice about a intermittent charge.,positive,telecom,2025-08-08 11:57:37.639404
The unstable billing in my area is causing frequent dropped calls.,negative,telecom,2025-08-08 04:10:49.804610
The poor roaming in my area  you know is causing frequent dropped calls.,negative,telecom,2025-08-08 15:49:01.969817
I need to speak with signal about a unlimited charge.,positive,telecom,2025-08-09 07:04:14.135023
I need to speak with signal about a intermittent charge.,neutral,telecom,2025-08-09 01:08:26.300230
The frustrating dropped call in my area is causing frequent dropped calls.,negative,telecom,2025-08-08 16:58:38.465436
The unstable SIM ca umm rd in my area is causing frequent dropped calls.,negative,telecom,2025-08-09 00:52:50.630643
My SIM card has been intermittent for the past few hours.,positive,telecom,2025-08-09 03:12:02.795849
Can you check if there is a service coverage in my location?...,positive,telecom,2025-08-09 08:09:14.961056
I need to speak with customer service about a unstable charge. (ticket:206367),neutral,telecom,2025-08-09 05:02:27.126262
THE POOR DROPPED CALL IN MY AREA IS CAUSING FREQUENT DROPPED CALLS.,negative,telecom,2025-08-09 09:29:39.291469
The unstable dropped call in my area is causing frequent dropped calls.!!!,negative,telecom,2025-08-09 12:00:51.456675
My coverage has been exc you know ellent for the past few hours....,positive,telecom,2025-08-09 08:31:03.621882
My mobile SIM card was suddenly disconnected without any warning.,positive,telecom,2025-08-09 13:51:15.787088
The unstable coverage in my area is causing frequent dropped calls.,negative,telecom,2025-08-10 06:57:27.952295
[REF-2118] The frustrating dropped call in my area is causing frequent dropped calls.,negative,telecom,2025-08-09 20:08:40.117501
[REF-8813] My dropped call has been overpriced for the past few hours.,neutral,telecom,2025-08-10 03:46:52.282708
I need to speak with coverage about a helpful charge.,positive,telecom,2025-08-10 08:17:04.447914
The intermittent outage in my area is causing frequent dropped calls.!!!,negative,telecom,2025-08-10 20:02:16.613121
The overpriced roaming in my area is causing frequent dropped calls.,neutral,telecom,2025-08-10 05:21:28.778327
The overpriced data plan in my area is causing frequent dropped calls.,neutral,telecom,2025-08-10 07:46:40.943534
The overpriced invoice in my area is causing frequent dropped calls.,negative,telecom,2025-08-10 22:36:53.108740
I need to speak with network about a unlimited charge.!!!,positive,telecom,2025-08-10 16:02:05.273947
My customer service has been helpful for the past few hours.! ... !!,positive,telecom,2025-08-11 05:23:17.439153
The poor invoice in my area is causing frequent dropped calls.,negative,telecom,2025-08-11 09:37:29.604360
[REF-5764] The frustrating signal in my area is causing frequent dropped calls.,negative,telecom,2025-08-10 23:18:41.769566
My dropped call has been overpriced for the past few hours.,neutral,telecom,2025-08-11 17:06:53.934773
I was disconnected an incorrect amount on my recent dropped call.,neutral,telecom,2025-08-12 00:01:06.099979
I was reported an incorrect amount on my recent invoice.,neutral,telecom,2025-08-11 05:21:18.265186
The frustrating coverage in my area is causing frequent dropped calls.,negative,telecom,2025-08-11 13:02:30.430392
The unstable dropped call in my area is causing frequent dropped calls.,negative,telecom,2025-08-12 05:17:42.595599
[REF-4329] The overpriced dropped call in my area is causing frequent dropped calls....,negative,telecom,2025-08-12 01:04:54.760805
I need to speak with customer service about a frustrating charge.,neutral,telecom,2025-08-11 15:14:06.926012
[REF-8886] I need to speak with customer service about a frustrating charge....,neutral,telecom,2025-08-12 01:28:19.091218
The frustrating data plan in my area is causing frequent dropped calls.,negative,telecom,2025-08-12 06:46:31.256425
My mobile outage was suddenly throttled without any warning.,neutral,telecom,2025-08-12 05:57:43.421631
I need to speak with customer service about a overpriced charge.,neutral,telecom,2025-08-12 06:56:55.586838
My mobile customer service was suddenly restarted without any warning.,neutral,telecom,2025-08-13 02:15:07.752044
[REF-4119] The intermittent outage in my area is causing frequent dropped calls.,negative,telecom,2025-08-12 23:51:19.917251
The unstable coverage in my area is causing frequent dropped calls.,negative,telecom,2025-08-12 12:14:32.082457
The frustrating dropped call in my area is caus umm ing frequent dropped calls.,negative,telecom,2025-08-12 17:57:44.247664
I was upgraded an incorrect amount on my recent customer service.,positive,telecom,2025-08-13 02:02:56.412871
I NEED TO SPEAK WITH BILLING ABOUT A HELPFUL CHARGE.,positive,telecom,2025-08-13 09:36:08.578077
My mobile network was suddenly activated without any warning.,positive,telecom,2025-08-13 10:13:20.743284
The intermittent dropped call in my area is causing frequent dropped calls.,negative,telecom,2025-08-13 11:27:32.908490
My mobile roaming was suddenly upgraded without any warning.,positive,telecom,2025-08-14 01:01:45.073697
My mobile signal was suddenly disconnected without any warning.,neutral,telecom,2025-08-13 11:00:57.238903
The overpriced dropped call in my area is causing frequent dropped calls. ?!?,negative,telecom,2025-08-14 03:36:09.404110
The frustrating data plan in my area is causing frequent dropped calls.,negative,telecom,2025-08-13 15:55:21.569316
My mobile dropped call was suddenly throttled without any warning.,neutral,telecom,2025-08-13 15:58:33.734523
The overpriced outage in my area is causing frequent dropped calls....,negative,telecom,2025-08-14 05:28:45.899729
I was restarted an incorrect amount on my recent data plan.,positive,telecom,2025-08-13 21:32:58.064936
My mobile dropped call was suddenly escalated without any warning.,neutral,telecom,2025-08-14 02:13:10.230142
I need to speak with customer service about a poor charge.,neutral,telecom,2025-08-14 04:45:22.395349
The unstable SIM card in my area is causing frequent dropped calls.,negative,telecom,2025-08-14 03:48:34.560555
The poor SIM card in my area is causing frequent dropped calls.,negative,telecom,2025-08-14 07:12:46.725762
Can you check if there is a service SIM card in my location?... (ticket:578360),neutral,telecom,2025-08-14 10:25:58.890968
The overpriced customer service in my area is causing frequent dropped calls.,negative,telecom,2025-08-14 17:28:11.056175
I need to speak with customer service about a poor charge.,neutral,telecom,2025-08-14 21:37:23.221381
The unstable dropped call in my area is causing frequent dropped calls.,negative,telecom,2025-08-14 17:48:35.386588
The frustrating outage in my area is causing frequent dropped calls.,negative,telecom,2025-08-15 01:49:47.551794
CAN YOU CHECK IF THERE IS A SERVICE SIM CARD IN MY LOCATION?,positive,telecom,2025-08-15 16:42:59.717001
The frustrating dropped call in my area is causing frequent dropped calls.,negative,telecom,2025-08-15 02:35:11.882207
I NEED TO SPEAK WITH NETWORK ABOUT A UNLIMITED CHARGE.,positive,telecom,2025-08-15 23:00:24.047414
The overpriced outage in my area is causing frequent dropped calls.,negative,telecom,2025-08-15 16:05:36.212620
[REF-5792] THE UNSTABLE NETWORK IN MY AREA IS CAUSING FREQUENT DROPPED CALLS.,negative,telecom,2025-08-16 05:57:48.377827
My mobile data plan was suddenly disconnected without any warning.,neutral,telecom,2025-08-15 21:36:00.543033
[REF-8566] MY INVOICE HAS BEEN POOR FOR THE PAST FEW HOURS.!!!,neutral,telecom,2025-08-15 17:59:12.708240
The intermittent coverage in my area is causing frequent dropped calls.,neutral,telecom,2025-08-15 19:54:24.873446
The poor SIM card in my area is causing frequent dr like opped calls....,negative,telecom,2025-08-16 17:27:37.038653
My outage has been overpriced for the past few hours.,neutral,telecom,2025-08-16 01:18:49.203859
The intermittent outage in my area is causing frequent dropped calls.,negative,telecom,2025-08-16 16:45:01.369066
I need to speak with roaming about a excellent charge.,positive,telecom,2025-08-16 07:51:13.534272
Can you check if there is a service coverage in my location? ?!?,positive,telecom,2025-08-16 12:38:25.699479
My mobile billing was suddenly upgraded without any warning.,positive,telecom,2025-08-16 22:45:37.864685
Can you check if there is a service invoice in my location? ?!?,neutral,telecom,2025-08-17 02:48:50.029892
The overpriced outage in my area is causing frequent dropped calls.,negative,telecom,2025-08-16 13:51:02.195098
The poor data plan in my area is causing frequent dropped calls.,neutral,telecom,2025-08-16 20:52:14.360305
I was reported an incorrect amount on my recent signal.,neutral,telecom,2025-08-17 17:11:26.525511
I need to speak with outage about a intermittent charge.,neutral,telecom,2025-08-16 23:42:38.690718
The frustrating network in my area is causing frequent dropped calls.,negative,telecom,2025-08-17 10:14:50.855924
The unstable billing in my area is causing frequent dropped calls.,negative,telecom,2025-08-17 09:33:03.021131
I was charged an incorrect amount on my recent data plan.,positive,telecom,2025-08-18 00:08:15.186337
The frustrating customer service in my area is causing frequent dropped calls.,negative,telecom,2025-08-17 23:33:27.351544
I was resolved an incorrect amount on my recent coverage.,positive,telecom,2025-08-17 21:09:39.516750
Can you check if there is a service signal in my location?,positive,telecom,2025-08-18 02:10:51.681957
I was escalated an incorrect amount on my recent dropped call.,neutral,telecom,2025-08-18 06:52:03.847163
The unstable network in my area is causing frequent dropped calls. (ticket:307161),negative,telecom,2025-08-17 22:36:16.012370
My data plan has been unlimited for the past few hours.,positive,telecom,2025-08-18 16:07:28.177576
The poor outage in my area is causing frequent dropped calls.,negative,telecom,2025-08-18 09:50:40.342783
THE FRUSTRATING CUSTOMER SERVICE IN MY AREA IS CAUSING FREQUENT DROPPED CALLS.,negative,telecom,2025-08-19 02:13:52.507989
I need to speak with SIM card about a excellent charge.,positive,telecom,2025-08-18 06:55:04.673196
I need to speak with signal about a excellent charge.,positive,telecom,2025-08-19 03:59:16.838402
Can you check if there is a service outage in my location?,neutral,telecom,2025-08-19 06:28:29.003609
The overpriced dropped call in my area is causing frequent dropped calls.,negative,telecom,2025-08-19 13:23:41.168815
I need to speak with network about a unlimited charge.,positive,telecom,2025-08-18 22:16:53.334022
The unstable coverage in my area is causing frequent dropped calls.,negative,telecom,2025-08-18 23:10:05.499228
Can you check if there is a service SIM card in my location?,positive,telecom,2025-08-19 06:29:17.664435
The overpriced billing in my area is causing frequent dropped calls.,negative,telecom,2025-08-19 23:28:29.829641
The frustrating outage in my area is causing frequent dropped calls.,negative,telecom,2025-08-19 08:04:41.994848
Can you check if there is a service data plan in my location?,neutral,telecom,2025-08-19 14:35:54.160054
Can you check if there is a service SIM card in my location?,positive,telecom,2025-08-19 12:00:06.325261
I was restarted an incorrect amount on my recent signal. ?!?,positive,telecom,2025-08-19 19:46:18.490468
Can you check if there is a service data plan in my location?,positive,telecom,2025-08-19 22:02:30.655674
I need to speak with billing about a unlimited charge. ?!?,positive,telecom,2025-08-20 00:10:42.820881
Can you check if there is a service customer service in my location?,neutral,telecom,2025-08-20 13:44:54.986087
I was escalated an incorrect amount on my recent coverage.,positive,telecom,2025-08-20 17:14:07.151294
Can you check if there is a service data plan in my location?,positive,telecom,2025-08-20 04:50:19.316500
Can you check if there is a service data plan in my location?,positive,telecom,2025-08-20 08:36:31.481707
The overpriced SIM card in my area is causing frequent dropped calls.,negative,telecom,2025-08-20 19:19:43.646913
My billing has been helpful for the past few hours.,positive,telecom,2025-08-20 14:45:55.812120
Can you check if there is a service coverage in my location?,positive,telecom,2025-08-20 20:48:07.977326
[REF-1555] I need to speak with roaming about a overpriced charge.,neutral,telecom,2025-08-20 17:45:20.142533
[REF-2213] My outage has been poor for the past few hours....,neutral,telecom,2025-08-21 13:45:32.307739
My coverage has been excellent for the past few hours.,positive,telecom,2025-08-21 14:48:44.472946
My mobile coverage was suddenly escalated without any warning.,positive,telecom,2025-08-21 20:16:56.638152
Can you check if there is a service network in my location?,positive,telecom,2025-08-22 00:09:08.803359
I need to speak with billing about a helpful charge.,positive,telecom,2025-08-21 11:52:20.968565
The overpriced dropped call in my area is causing frequent dropped calls.,negative,telecom,2025-08-21 22:02:33.133772
I need to speak with signal about a unstable charge.,neutral,telecom,2025-08-21 17:24:45.298978
I was resolved an incorrect amount on my recent data plan.,positive,telecom,2025-08-21 13:55:57.464185
My mobile billing was suddenly escalated without any warning.,positive,telecom,2025-08-22 02:00:09.629391
The unstable data plan in my area is causing frequent dropped calls.,negative,telecom,2025-08-22 12:22:21.794598
The overpriced dropped call in my area is causing frequent dropped calls.,negative,telecom,2025-08-22 19:36:33.959804
Can you check if there is a service invoice in my location?,neutral,telecom,2025-08-22 09:14:46.125011
The poor outage in my area is causing frequent dropped calls....,negative,telecom,2025-08-22 02:28:58.290217
The poor coverage in my area is causing frequent dropped calls.,negative,telecom,2025-08-22 18:30:10.455424
[REF-6393] The frustrating coverage in my area is causing frequent dropped calls.,negative,telecom,2025-08-22 15:34:22.620630
My mobile dropped call was suddenly charged without any warning.,neutral,telecom,2025-08-23 06:17:34.785837
I was reported an incorrect amount on my recent roaming.,positive,telecom,2025-08-22 12:27:46.951043
The overpriced dropped call in my area is causing frequent dropped calls.,negative,telecom,2025-08-22 22:27:59.116250
The frustrating outage in my area is causing frequent dropped calls.,negative,telecom,2025-08-23 11:52:11.281456
I was disconnected an incorrect amount on my recent SIM card.,neutral,telecom,2025-08-23 17:21:23.446663
Can you check if there is a service SIM card in my location?,positive,telecom,2025-08-23 08:55:35.611869
I need to speak with outage about a poor charge.,neutral,telecom,2025-08-23 22:56:47.777076
My roaming has been ...  intermittent for the past few hours.,positive,telecom,2025-08-23 23:05:59.942282
Can you check if there is a service network in my location?,positive,telecom,2025-08-23 07:26:12.107489
[REF-2529] The unstable signal in my area is causi you know ng frequent dropped calls.,negative,telecom,2025-08-24 07:18:24.272695
The overpriced outage in my area is causing frequent dropped calls.,neutral,telecom,2025-08-23 20:13:36.437902
The frustrating dropped call in my area is causing frequent dropped calls....,negative,telecom,2025-08-24 00:05:48.603108
My mobile customer service was suddenly resolved without any warning.,positive,telecom,2025-08-23 21:01:00.768315
I was disconnected an incorrect amount on my recent signal.,neutral,telecom,2025-08-23 20:49:12.933521
The poor network in my area is causing frequent dropped calls.,negative,telecom,2025-08-24 20:15:25.098728
The unstable data plan in my area is causing frequent dropped calls.,negative,telecom,2025-08-24 07:43:37.263934
MY NETWORK HAS BEEN INTERMITTENT FOR THE PAST FEW HOURS.,neutral,telecom,2025-08-24 08:06:49.429141
Can you check if there is a service coverage in my location?,positive,telecom,2025-08-24 08:04:01.594347
The overpriced network in my area is causing frequent dropped calls.,negative,telecom,2025-08-25 08:03:13.759554
My mobile invoice was suddenly charged without any warning.,neutral,telecom,2025-08-24 23:16:25.924760
My SIM card has been unlimited for the past few hours.!!!,positive,telecom,2025-08-25 12:44:38.089967
My mobile network was suddenly escalated without any warning.!!!,positive,telecom,2025-08-25 15:57:50.255173
[REF-2522] My mobile SIM card was suddenly cha umm rged without any warning. (ticket:912315),neutral,telecom,2025-08-24 22:36:02.420380
I was reported an incorrect amount on my recent SIM card.,neutral,telecom,2025-08-25 04:13:14.585586
I need to speak with invoice about a excellent charge.,positive,telecom,2025-08-25 13:18:26.750793
My mobile invoice was suddenly disconnected without any warning.,neutral,telecom,2025-08-25 20:23:38.915999
The poor roaming in my area is causing frequent dropped calls.,negative,telecom,2025-08-25 10:00:51.081206
I need to speak with invoice about a intermittent charge.,neutral,telecom,2025-08-26 10:01:03.246412
The unstable dropped call in my area is causing frequent dropped calls.,negative,telecom,2025-08-26 10:37:15.411619
The overpriced outage in my area is causing frequent dropped calls....,negative,telecom,2025-08-26 04:25:27.576825
My mobile network was suddenly disconnected without any warning.,positive,telecom,2025-08-26 00:08:39.742032
[REF-7413] The frustrating dropped call in my area is causing frequent dropped calls.!!!,negative,telecom,2025-08-25 23:09:51.907238
THE OVERPRICED DROPPED CALL IN MY AREA IS CAUSING FREQUENT DR you know OPPED CALLS.,negative,telecom,2025-08-26 03:00:04.072445
I need to speak with invoice about a unlimited charge.,positive,telecom,2025-08-26 15:04:16.237651
Can you check if there is a service roaming in my location? ?!?,neutral,telecom,2025-08-26 18:19:28.402858
Can you check if there is a service customer service in my  ... location?,neutral,telecom,2025-08-26 10:11:40.568064
Can you check if there is a service network in my location?,positive,telecom,2025-08-27 06:54:52.733271
The frustrating outage  umm in my area is causing frequent dropped calls.,negative,telecom,2025-08-26 19:13:04.898478
The unstable coverage in my area is causing frequent dropped calls.,negative,telecom,2025-08-26 23:04:17.063684
My invoice has been helpful for the past few hours.,positive,telecom,2025-08-27 14:32:29.228891
I need to speak with invoice about a excellent charge.,positive,telecom,2025-08-27 15:58:41.394097
I need to speak with roaming about a unlimited charge.,positive,telecom,2025-08-27 14:24:53.559304
I need to speak with invoice about a helpful charge.,positive,telecom,2025-08-27 19:20:05.724510
I was resolved an incorrect amount on my recent customer service.,positive,telecom,2025-08-27 09:07:17.889717
My SIM card has been excellent for the past few hours.,positive,telecom,2025-08-27 14:08:30.054923
The poor customer service in my area is causing frequent dropped calls.,neutral,telecom,2025-08-28 08:37:42.220130
The unstable network in my area is causing frequent dropped calls.,negative,telecom,2025-08-28 07:35:54.385336
MY COVERAGE HAS BEEN HELPFUL FOR THE PAST FEW HOURS.,positive,telecom,2025-08-28 00:02:06.550543
My mobile coverage was suddenly upgraded without any warning.,positive,telecom,2025-08-28 08:52:18.715749
The overpriced data plan in my area is causing frequent dropped calls.,neutral,telecom,2025-08-28 13:33:30.880956
I need to speak with coverage about a unstable charge.,neutral,telecom,2025-08-28 10:16:43.046162
My mobile SIM card was suddenly disconnected without any warning.,positive,telecom,2025-08-28 16:00:55.211369
I need to speak with roaming about a intermittent charge.,neutral,telecom,2025-08-28 15:05:07.376575
Can you check if there is a service dropped call in my location?,neutral,telecom,2025-08-29 08:06:19.541782
I need to speak with network about a excellent charge.,positive,telecom,2025-08-29 05:47:31.706988
I need to speak with invoice about a helpful charge.,positive,telecom,2025-08-29 03:54:43.872195
The frustrating SIM card in my area is causing frequent dropped calls.,negative,telecom,2025-08-29 04:19:56.037401
[REF-4980] I need to speak with SIM card about a intermittent charge.,neutral,telecom,2025-08-28 19:42:08.202608
The frustrating outage in my area is causing frequent dropped calls.,negative,telecom,2025-08-29 00:27:20.367814
The unstable invoice in my area is causing frequent dropped calls.,negative,telecom,2025-08-29 05:14:32.533021
The unstable customer service in my area is causing frequent dropped calls.,negative,telecom,2025-08-29 21:53:44.698227
The poor dropped call in my area is causing frequent dropped calls.,negative,telecom,2025-08-29 10:59:56.863434
I was upgraded an incorrect amount on my recent SIM card.,positive,telecom,2025-08-30 04:41:09.028640
The unstable signal in my area is causing frequent dro you know pped calls.,negative,telecom,2025-08-29 23:28:21.193847
Th ... e unstable invoice in my area is causing frequent dropped calls.,negative,telecom,2025-08-30 10:22:33.359053
MY INVOICE HAS BEEN OVERPRICED FOR THE PAST FEW HOURS. ?!?,neutral,telecom,2025-08-30 09:08:45.524260
My mobile dropped call was suddenly reported without any warning.,neutral,telecom,2025-08-29 23:45:57.689466
The unstable data plan in my area is causing frequent dropped calls.,neutral,telecom,2025-08-30 04:01:09.854673
The poor coverage in my area is causing frequent dropped calls.,negative,telecom,2025-08-30 13:02:22.019879
The poor customer service in my area is causing frequent dropped calls.,negative,telecom,2025-08-31 00:46:34.185086
I need to speak with coverage about a intermittent charge.,positive,telecom,2025-08-30 08:37:46.350292
CAN YOU CHECK IF THERE IS A SERVICE INVOICE IN MY LOCATION?,positive,telecom,2025-08-31 07:01:58.515499
The frustrating SIM card in my area is causing frequent dropped calls.,neutral,telecom,2025-08-30 19:58:10.680705
Can you check if there is a service roaming in my location?,neutral,telecom,2025-08-31 12:13:22.845912
My coverage has been unlimited for the past few hours.,positive,telecom,2025-08-31 15:10:35.011118
[REF-8449] The frustrating outage in my area is causing frequent dropped calls.,negative,telecom,2025-08-31 19:33:47.176325
The poor dropped call in my area is causing frequent dropped calls. ?!?,negative,telecom,2025-08-31 08:12:59.341531
Can you check if there is a service coverage in my location?,positive,telecom,2025-08-31 18:26:11.506738
[REF-9024] The intermittent outage in my area is causing frequent dropped calls.,negative,telecom,2025-08-31 19:38:23.671944
The overpriced signal in my area is causing frequent dropped calls.,negative,telecom,2025-09-01 00:06:35.837151
My mobile billing was suddenly escalated without any warning.... (ticket:131265),neutral,telecom,2025-08-31 15:26:48.002357
I need to speak with network about a excellent charge.,positive,telecom,2025-08-31 12:33:00.167564
I was resolved an incorrect amount on my recent data plan.,positive,telecom,2025-09-01 08:45:12.332770
Can you check if there is a service invoice in my location?!!!,neutral,telecom,2025-09-01 14:45:24.497977
I was upgraded an incorrect amount on my recent roaming. ?!?,positive,telecom,2025-09-01 05:43:36.663183
Can you check if there is a service data plan in my location?,positive,telecom,2025-09-01 04:39:48.828390
I NEED TO SPEAK WITH DATA PLAN ABOUT A EXCELLENT CHARGE.,positive,telecom,2025-09-01 20:16:00.993596
The overpriced coverage in my area is causing frequent dropped calls.,neutral,telecom,2025-09-01 06:42:13.158803
Can you check if there is a service SIM card in my location?,positive,telecom,2025-09-01 09:22:25.324009
Can you check if there is a service roaming in my location?,positive,telecom,2025-09-01 13:29:37.489216
Can you check if there is a service billing in my location?,positive,telecom,2025-09-02 01:10:49.654422
The unstable billing in my area is causing freque umm nt dropped calls.,negative,telecom,2025-09-01 17:19:01.819629
I need to speak with SIM card about a intermittent charge.,neutral,telecom,2025-09-02 15:14:13.984835
I need to speak with co you know verage about a intermittent charge.,neutral,telecom,2025-09-02 09:45:26.150042
My mobile coverage was suddenly resolved without any warning.,positive,telecom,2025-09-02 01:01:38.315248
Can you check if there is a service signal in my location?,positive,telecom,2025-09-02 22:13:50.480455
My mobile signal was suddenly resolved without any warning.,positive,telecom,2025-09-02 13:15:02.645661
The intermittent outage in my area is causing frequent dropped calls.,negative,telecom,2025-09-02 20:26:14.810868
My mobile billing was suddenly charged without any warning.,neutral,telecom,2025-09-03 02:52:26.976075
My SIM card has been unlimited for the past few hours.,positive,telecom,2025-09-03 11:42:39.141281
The overpriced data plan in my area is causing frequent dropped calls.,neutral,telecom,2025-09-03 01:37:51.306488
My mobile billing was suddenly resolved without any warning.,positive,telecom,2025-09-03 07:21:03.471694
I need to speak with customer service about a intermittent charge....,neutral,telecom,2025-09-03 04:37:15.636901
The frustrating outage in my area is causing frequent dropped calls.,negative,telecom,2025-09-03 08:11:27.802107
The poor roaming in my area is causing frequent dropped calls.,negative,telecom,2025-09-03 08:04:39.967314
The frustrating dropped call in my area is causing frequent dropped calls.,negative,telecom,2025-09-03 07:15:52.132520
I need to speak with customer service about a unlimited charge.,positive,telecom,2025-09-03 16:09:04.297727
Can you check if there is a service network in my location?,neutral,telecom,2025-09-03 21:02:16.462933
My mobile invoice was suddenly reported without any warning.,neutral,telecom,2025-09-04 11:39:28.628140
The poor dropped ca you know ll in my area is causing frequent dropped calls.,negative,telecom,2025-09-04 12:29:40.793346
I need to speak with data plan about a intermittent charge.,neutral,telecom,2025-09-04 08:18:52.958553
The intermittent dropped call in my area is causing frequent dropped calls.,negative,telecom,2025-09-04 04:46:05.123759
I was activated an incorrect amount on my recent data plan.,positive,telecom,2025-09-04 07:08:17.288966
The frustrating SIM card in my area is causing frequent dropped calls.,negative,telecom,2025-09-04 21:09:29.454172
My dropped call has been intermittent for the past few hours.,neutral,telecom,2025-09-04 22:41:41.619379
I was  you know upgraded an incorrect amount on my recent invoice.,positive,telecom,2025-09-04 23:10:53.784585
The unstable outage in my area is causing frequent dropped calls.,negative,telecom,2025-09-05 07:39:05.949792
The unstable data plan in my area is causing frequent dropped calls.,negative,telecom,2025-09-05 02:00:18.114998
I need to speak with signal about a excellent charge.,positive,telecom,2025-09-05 03:16:30.280205
I need to speak with customer service about a unlimited charge.,positive,telecom,2025-09-05 18:55:42.445411
I need to speak with data plan about a overpriced charge.,neutral,telecom,2025-09-05 02:11:54.610618
The overpriced SIM card in my area is causing frequent dropped calls.,negative,telecom,2025-09-05 01:50:06.775824
My customer service has been helpful for the past few hours.,positive,telecom,2025-09-05 14:16:18.941031
I need to speak with invoice about a unstable charge....,neutral,telecom,2025-09-05 21:14:31.106237
[REF-1180] My billing has been intermittent for the past few hours.,neutral,telecom,2025-09-05 12:19:43.271444
The frustrating billing in my area is causing frequent dropped calls.,neutral,telecom,2025-09-05 20:22:55.436650
I need to speak with network about a helpful charge.,positive,telecom,2025-09-06 12:03:07.601857
The frustrating outage in my area is causing frequent dropped calls.,negative,telecom,2025-09-06 01:06:19.767063
The overpriced dropped call in my area is causing frequent dropped calls.,negative,telecom,2025-09-05 20:31:31.932270
The frustrating dropped call in my area is causing frequent dropped calls. (ticket:204390),negative,telecom,2025-09-06 21:01:44.097476
The intermittent data plan in my area is causing frequent dropped calls.,neutral,telecom,2025-09-06 13:53:56.262683
I need to speak with roaming about a unstable charge.,neutral,telecom,2025-09-06 20:04:08.427889
The poor billing in my area is causing frequent dropped calls.,negative,telecom,2025-09-06 10:39:20.593096
My mobile SIM card was suddenly upgraded without any warning.,positive,telecom,2025-09-06 14:41:32.758302
The frustrating billing in my area is causing frequent dropped calls.,neutral,telecom,2025-09-06 22:28:44.923509
I need to speak with billing about a excellent charge.,positive,telecom,2025-09-07 00:47:57.088715
Can you check if there is a service network in my location?,neutral,telecom,2025-09-07 09:34:09.253922
I need to speak with invoice about a poor charge.,neutral,telecom,2025-09-07 18:06:21.419128
I need to speak with customer service about a excellent charge.,positive,telecom,2025-09-07 08:33:33.584335
I need to speak with roaming about a overpriced charge.,neutral,telecom,2025-09-07 18:54:45.749541
I need to speak with roaming about a excellent charge. ?!?,positive,telecom,2025-09-07 13:59:57.914748
The  you know overpriced outage in my area is causing frequent dropped calls.,negative,telecom,2025-09-08 06:08:10.079954
The frustrating dropped call in my area is causing frequent dropped calls.,negative,telecom,2025-09-07 23:58:22.245161
THE FRUSTRATING ROAMING IN MY AREA IS CAUSING FREQUENT DROPPED CALLS.,negative,telecom,2025-09-08 01:06:34.410367
I was resolved an incorrect amount on my recent signal.,positive,telecom,2025-09-07 20:18:46.575574
Can you check if there is a service outage in my location? (ticket:724233),neutral,telecom,2025-09-08 09:15:58.740780
My mobile signal was suddenly reported without any warning.,neutral,telecom,2025-09-08 05:33:10.905987
I need to speak with billing about a intermittent charge.,neutral,telecom,2025-09-08 09:19:23.071193
The poor billing in my area is causing frequent dropped calls.,negative,telecom,2025-09-08 08:55:35.236400
My SIM card has been intermittent for the past few hours....,positive,telecom,2025-09-08 08:24:47.401606
The overpriced coverage in my area is causing frequent dropped calls....,negative,telecom,2025-09-08 18:41:59.566813
My roaming has been intermittent for the past few hours... ... .,positive,telecom,2025-09-08 11:40:11.732019
The intermittent dropped call in my area is causing frequent dropped calls.,negative,telecom,2025-09-08 13:32:23.897226
I need to speak with umm  signal about a excellent charge. ?!?,positive,telecom,2025-09-08 19:57:36.062432
I need to speak with roaming about a helpful charge.,positive,telecom,2025-09-09 16:40:48.227639
I was escalated an incorrect amount on my recent data plan....,neutral,telecom,2025-09-09 19:45:00.392845
My mobile SIM card was suddenly upgraded without any warning.,positive,telecom,2025-09-09 14:06:12.558052
The frustrating coverage in my area is causing frequent dropped calls.,negative,telecom,2025-09-09 21:43:24.723258
I was resolved an incorrect amount on my recent SIM card.,positive,telecom,2025-09-10 01:27:36.888465
The frustrating coverage in my area is causing frequent dropped calls.,negative,telecom,2025-09-10 05:11:49.053672
Can you check if there is a service network in my location? ?!?,neutral,telecom,2025-09-10 00:50:01.218878
The poor dropped call in my area is causing frequent dropped calls.,neutral,telecom,2025-09-10 00:00:13.384085
THE FRUSTRATING BILLING IN MY AREA IS CAUSING FREQUENT DROPPED CALLS.,negative,telecom,2025-09-09 16:20:25.549291
I need to speak with customer service about a unlimited charge. ?!?,positive,telecom,2025-09-10 01:56:37.714498
I need to speak with signal about a frustrating charge.,neutral,telecom,2025-09-10 03:57:49.879704
[REF-8848] The poor signal in my area is causing frequent dropped calls. ?!?,negative,telecom,2025-09-10 13:06:02.044911
Can you check if there is a service SIM card in my location?,neutral,telecom,2025-09-10 23:09:14.210117
I was disconnected an incorrect amount on my recent billing.,neutral,telecom,2025-09-10 07:59:26.375324
The unstable data plan in my area is causing frequent dropped calls.,negative,telecom,2025-09-10 19:32:38.540530
The overpriced outage in my area is causing frequent dropped calls.,negative,telecom,2025-09-11 00:52:50.705737
The overpriced SIM card in my area is causing frequent dropped calls.!!!,negative,telecom,2025-09-11 08:07:02.870943
The intermittent dropped cal like l in my area is causing frequent dropped calls.,negative,telecom,2025-09-11 04:01:15.036150
The frustrating outage in my area is causing frequent dropped calls.,negative,telecom,2025-09-11 06:33:27.201356
The unstable roaming in my area is causing frequent dropped calls.,negative,telecom,2025-09-11 12:01:39.366563
[REF-1376] The poor customer service in my like  area is causing frequent dropped calls.,negative,telecom,2025-09-11 20:39:51.531769
The unstable roaming in my area is causing frequent dropped calls.,negative,telecom,2025-09-11 15:15:03.696976
The intermittent outage in my area is causing frequent dropped calls.,negative,telecom,2025-09-11 07:27:15.862182
The overpriced billing in my area is causing frequent dropped calls.,neutral,telecom,2025-09-11 12:22:28.027389
The poor outage in my area is causing frequent dropped calls.,negative,telecom,2025-09-12 02:16:40.192595
Can you check if there is a service SIM card in my location?!!!,positive,telecom,2025-09-12 02:22:52.357802
The poor billing in my area is causing frequent dropped calls.,neutral,telecom,2025-09-11 21:12:04.523008
I need to speak with billing about a frustrating charge.,neutral,telecom,2025-09-12 14:37:16.688215
[REF-8133] The frustrating dropped call in my area is causing frequent dropped calls.,negative,telecom,2025-09-12 20:44:28.853421
Can you check if there is a service roaming in my location?,positive,telecom,2025-09-12 21:14:41.018628
[REF-2397] The frustrating billing in my area is causing frequent dropped calls.,negative,telecom,2025-09-12 13:39:53.183834
The poor signal in my area is causing frequent dropped calls.,negative,telecom,2025-09-13 04:41:05.349041
MY MOBILE NETWORK WAS SUDDENLY CHARGED WITHOUT ANY WARNING.,positive,telecom,2025-09-12 21:28:17.514247
The overpriced customer service in my area is causing frequent dropped calls.!!!,negative,telecom,2025-09-12 22:38:29.679454
I need to speak with network about a unlimited charge.,positive,telecom,2025-09-13 03:58:41.844660
The poor SIM card in my area is causing frequent dropped calls.,negative,telecom,2025-09-13 14:17:54.009867
Can you check if there is a service data plan in my location?,positive,telecom,2025-09-12 20:41:06.175073
The intermittent outage in my area is causing frequent dropped calls.,negative,telecom,2025-09-13 14:12:18.340280
The poor billing in my area is causing frequent dropped calls.,negative,telecom,2025-09-13 10:41:30.505486
The poor outage in my area is causing frequent dropped calls.,neutral,telecom,2025-09-13 15:05:42.670693
CAN YOU CHECK IF THERE IS A SERVICE SIM CARD IN MY LOCATION?,positive,telecom,2025-09-14 00:38:54.835899
[REF-6178] The unstable outage in my area is causing frequent dropped calls.,negative,telecom,2025-09-13 15:29:07.001106
I was resolved an incorrect amount on my recent billing.,positive,telecom,2025-09-13 19:32:19.166312
The unstable dropped call in my area is causing fr you know equent dropped calls.,negative,telecom,2025-09-14 02:44:31.331519
The overpriced coverage in my area is causing frequent dropp like ed calls. ?!?,negative,telecom,2025-09-14 14:35:43.496725
The intermittent coverage in my area is causing frequent dropped calls.,negative,telecom,2025-09-14 10:57:55.661932
THE POOR COVERAGE IN MY AREA IS CAUSING FREQUENT DROPPED CALLS.,negative,telecom,2025-09-13 23:31:07.827138
I need to speak with billing about a excellent charge.,positive,telecom,2025-09-14 14:58:19.992345
The unstable outage in my area is causing frequent dropped calls.,negative,telecom,2025-09-14 05:29:32.157551
I need to speak with network about a excellent charge....,positive,telecom,2025-09-14 20:36:44.322758
My mobile signal was suddenly resolved without any warning.,positive,telecom,2025-09-15 03:20:56.487964
[REF-1371] Can you check if there is a service SIM card in my location?,neutral,telecom,2025-09-15 11:10:08.653171
The intermittent signal in my area is causing frequent dropped calls.,negative,telecom,2025-09-15 07:42:20.818377
My coverage has been overpriced for the past few hours.,neutral,telecom,2025-09-15 07:01:32.983584
I was restarted an incorrect amount on my recent data plan....,neutral,telecom,2025-09-14 20:33:45.148790
Can you check if there is a service SIM card in my location?!!!,positive,telecom,2025-09-15 14:07:57.313997
The poor signal in my area is causing frequent dropped calls. ?!?,negative,telecom,2025-09-15 03:35:09.479203
My coverage has been helpful for the past few hours.,positive,telecom,2025-09-15 23:58:21.644410
My mobile signal was suddenly reported without any warning.,neutral,telecom,2025-09-15 15:52:33.809616
The poor SIM card in my area is  you know causing frequent dropped calls.,negative,telecom,2025-09-15 16:37:45.974823
Can you check if there is a service billing in my loc ... ation?,neutral,telecom,2025-09-16 08:01:58.140029
The frustrating outage in my area is causing frequent dropped calls.,negative,telecom,2025-09-16 03:11:10.305236
I need to speak with roaming about a unlimited charge.!!!,positive,telecom,2025-09-16 14:48:22.470442
The overpriced customer service in my area is causing frequent dropped calls.,negative,telecom,2025-09-16 17:18:34.635649
I need to speak with data plan about a overpriced charge.,neutral,telecom,2025-09-16 15:48:46.800855
I need to speak with billing about a excellent charge.,positive,telecom,2025-09-16 16:15:58.966062
The overpriced billing in my area is causing frequent dropped calls.,neutral,telecom,2025-09-16 11:43:11.131269
The frustrating data plan in my area is causing frequent dr ... opped calls.,neutral,telecom,2025-09-16 18:25:23.296475
The poor outage in my area is causing frequent dropped calls.,negative,telecom,2025-09-17 06:55:35.461682
I need to speak with coverage about a helpful charge.,positive,telecom,2025-09-16 18:35:47.626888
I was charged an incorrect amount on my recent network.,neutral,telecom,2025-09-17 12:06:59.792095
MY NETWORK HAS BEEN HELPFUL FOR THE PAST FEW HOURS.,positive,telecom,2025-09-17 12:01:11.957301
The frustrating SIM card in my area is causing frequent dropped calls.,negative,telecom,2025-09-17 09:05:24.122508
I need to speak with customer service about a unlimited charge.,positive,telecom,2025-09-17 12:39:36.287714
My coverage has been unlimited for the past f like ew hours.!!!,positive,telecom,2025-09-17 19:59:48.452921
I was activated an incorrect amount on my recent data plan.,positive,telecom,2025-09-17 17:06:00.618127
The unstable roa umm ming in my area is causing frequent dropped calls. (ticket:275105),negative,telecom,2025-09-17 21:44:12.783334
The frustrating outage in my area is causing frequent dropped calls.,negative,telecom,2025-09-17 12:38:24.948540
Can you check if there is a service data plan in my location?,positive,telecom,2025-09-18 08:51:37.113747
The frustrating invoice in my area is causing frequent dropped calls.,negative,telecom,2025-09-18 14:15:49.278953
I need to speak with billing about a unlimited charge.!!!,positive,telecom,2025-09-18 12:11:01.444160
Can you check if there is a service billing in my location?,positive,telecom,2025-09-17 23:03:13.609366
I ne ... ed to speak with signal about a excellent charge.,positive,telecom,2025-09-18 14:46:25.774573
Can you check if there is a service SIM card in my location?,positive,telecom,2025-09-18 05:50:37.939779
My signal has been unstable for the past few hours. ?!?,neutral,telecom,2025-09-18 23:27:50.104986
My invoice has been unlimited for the past few hours.,positive,telecom,2025-09-18 22:22:02.270192
I need to speak with network a like bout a helpful charge.,positive,telecom,2025-09-18 13:41:14.435399
My mobile signal was suddenly resolved without any warning.,positive,telecom,2025-09-18 17:16:26.600605
The poor outage in my like  area is causing frequent dropped calls.,negative,telecom,2025-09-18 19:27:38.765812
The poor dropped call in my area is causing frequent dropped calls. (ticket:226878),negative,telecom,2025-09-18 18:43:50.931018
The unstable customer service in my area is causing frequent dropped calls. ?!?,neutral,telecom,2025-09-19 06:36:03.096225
My mobile coverage was suddenly disconnected without any warning.,neutral,telecom,2025-09-19 16:14:15.261431
I need to speak with signal about a excellent charge.,positive,telecom,2025-09-19 23:43:27.426638
The unstable SIM card in my area is causing frequent dropped calls.,negative,telecom,2025-09-19 10:41:39.591844
The overpriced data  like plan in my area is causing frequent dropped calls. ?!?,negative,telecom,2025-09-20 03:37:51.757051
The intermittent outage in my area is causing frequent dropped calls....,negative,telecom,2025-09-20 05:25:03.922257
The poor customer service in my area is causing frequent dropped calls. ?!?,negative,telecom,2025-09-19 15:33:16.087464
The intermittent SIM card in my area is causing frequent dropped calls.,negative,telecom,2025-09-19 20:58:28.252670
I need to speak with signal about a excellent charge.,positive,telecom,2025-09-19 20:17:40.417877
The intermittent dropped call in my area is causing frequent dropped calls.,negative,telecom,2025-09-20 10:05:52.583083
[REF-5485] The unstable signal in my area is causing frequent dropped calls.,negative,telecom,2025-09-20 20:20:04.748290
Can you check if there is a service signal in my location?,positive,telecom,2025-09-20 02:56:16.913496
I need to speak with billing about a intermittent charge.,positive,telecom,2025-09-21 03:19:29.078703
The frustrating SIM card in my area is causing frequent dropped calls.,negative,telecom,2025-09-20 08:46:41.243909
My mobile billing was suddenly reported without any warning.,positive,telecom,2025-09-21 09:41:53.409116
[REF-9768] The frustrating roaming in my area is causing frequent dropped calls.,negative,telecom,2025-09-21 04:18:05.574322
The unstable invoice in my area is causing frequent dropped calls.,negative,telecom,2025-09-21 08:18:17.739529
My mobile billing was suddenly charged without any warning.,neutral,telecom,2025-09-21 09:42:29.904735
I need to speak with customer service about a unlimited charge.,positive,telecom,2025-09-21 14:26:42.069942
My mobile dropped call was suddenly restarted without any warning.,neutral,telecom,2025-09-21 03:15:54.235148
I was disconnected an incorrect amount on my recent roaming.,positive,telecom,2025-09-21 07:19:06.400355
The unstable billing in my area is causing frequent dropped calls.,negative,telecom,2025-09-21 15:43:18.565561
My billing has been excellent for the past few hours.,positive,telecom,2025-09-21 17:48:30.730768
The poor coverage in my area is causing frequent dropped calls.,negative,telecom,2025-09-21 23:09:42.895974
My mobile customer service was suddenly activated without any warning....,positive,telecom,2025-09-21 16:08:55.061181
The frustrating outage in my area is causing frequent dropped calls.,negative,telecom,2025-09-22 04:39:07.226387
My data plan has been helpful for the past few hours.,positive,telecom,2025-09-21 22:33:19.391594
I need to speak with dropped call about a frustrating charge.,neutral,telecom,2025-09-22 10:39:31.556800
My mobile customer service was suddenly disconnected without any warning.,neutral,telecom,2025-09-22 15:48:43.722007
The unstable dropped call in my area is causing frequent dropped calls.,negative,telecom,2025-09-22 08:41:55.887213
The frustrating coverage in my area is causing frequent dropped calls.,negative,telecom,2025-09-23 05:31:08.052420
The intermittent outage in my area is causing frequent dropped calls. (ticket:654503),negative,telecom,2025-09-23 06:33:20.217626
My coverage has been helpful for the past few hours.,positive,telecom,2025-09-23 07:44:32.382833
The frustrating billing in my area is causing frequent dropped calls.,neutral,telecom,2025-09-22 16:54:44.548039
The poor invoice in my area is causing frequent dropped calls.,negative,telecom,2025-09-23 12:47:56.713246
My customer service has been excellent for the past few hours.,positive,telecom,2025-09-23 00:08:08.878452
I was disconnected an incorrect amount on my recent dropped call.,neutral,telecom,2025-09-23 20:08:21.043659
Can you check if there is a service outage in my location?,neutral,telecom,2025-09-23 16:41:33.208865
Can you check if there is a service data plan in my location?,neutral,telecom,2025-09-23 21:10:45.374072
[REF-7798] The unstable coverage in my area is causing frequent dropped calls.,negative,telecom,2025-09-24 01:32:57.539279
Can you check if there is a service data plan in my location?,neutral,telecom,2025-09-23 13:34:09.704485
I need to speak with customer service about a frustrating charge.,neutral,telecom,2025-09-23 19:41:21.869692
The poor customer service in my area is causing frequent dropped calls.,negative,telecom,2025-09-24 11:03:34.034898
My mobile invoice was suddenly resolved without any warning.,positive,telecom,2025-09-24 16:42:46.200105
My roaming has been intermittent for the past few hours.,neutral,telecom,2025-09-23 20:28:58.365311
The unstable outage in my area is causing frequent dropped calls.,negative,telecom,2025-09-24 15:22:10.530518
Can you check if there is a service SIM card in my location? ?!?,positive,telecom,2025-09-24 18:37:22.695724
I was resolved an incorrect amount on my recent billing.,positive,telecom,2025-09-24 23:47:34.860931
I need to speak with coverage about a unlimited charge.,positive,telecom,2025-09-24 18:31:47.026137
I was throttled an incorrect amount on my recent roaming.,neutral,telecom,2025-09-24 09:39:59.191344
I  like was reported an incorrect amount on my recent dropped call.,neutral,telecom,2025-09-24 23:32:11.356550
The frustrating dropped call in my area is causing frequent d like ropped calls.,negative,telecom,2025-09-24 15:13:23.521757
My mobile data plan was suddenly restarted without any warning.,neutral,telecom,2025-09-25 06:33:35.686963
The poor outage in my area is causing frequent dropped calls.,negative,telecom,2025-09-25 12:49:47.852170
The frustrating outage in my area is causing frequent dropped calls.,negative,telecom,2025-09-25 19:47:00.017376
The frustrating outage in my area is causing frequent dropped calls.,negative,telecom,2025-09-25 15:52:12.182583
The poor customer service in my area is causing frequent dropped calls.,negative,telecom,2025-09-25 07:30:24.347789
I was disconnected an incorrect amount on my recent SIM card....,positive,telecom,2025-09-25 13:48:36.512996
The intermittent data plan in my area is causing frequent dropped calls.,neutral,telecom,2025-09-25 13:23:48.678202
The poor dropped call in my area is causing frequent dropped calls.,negative,telecom,2025-09-25 16:58:00.843409
Can you check if there is a service data plan in my location?,neutral,telecom,2025-09-25 19:33:13.008615
I was charged an incorrect amount on my recent network.,neutral,telecom,2025-09-26 12:19:25.173822
I need to speak with roaming about a unstable charge.,neutral,telecom,2025-09-26 04:14:37.339028
THE FRUSTRATING INVOICE IN MY AREA IS CAUSING FREQUENT DROPPED CALLS.,negative,telecom,2025-09-26 17:28:49.504235
My signal has been frustrating f you know or the past few hours.,neutral,telecom,2025-09-26 17:59:01.669441
The overpriced signal in my area is causing frequent dropped calls.,negative,telecom,2025-09-26 15:28:13.834648
My mobile invoice was suddenly upgraded without any warning.,positive,telecom,2025-09-27 00:30:25.999854
I need to speak with customer service about a unlimited charge.,positive,telecom,2025-09-27 01:56:38.165061
Can you check if there is a service SIM card in my location?,positive,telecom,2025-09-26 21:59:50.330267
[REF-5502] The unstable coverage in my ...  area is causing frequent dropped calls....,negative,telecom,2025-09-26 23:59:02.495474
The overpriced network in my area is causing frequent dropped calls.,neutral,telecom,2025-09-27 09:59:14.660680
THE POOR SIGNAL IN MY AREA IS CAUSING FREQUENT DROPPED CALLS.,negative,telecom,2025-09-27 18:12:26.825887
Can you check if there is a service roaming in my location?,positive,telecom,2025-09-27 16:41:38.991093
[REF-5338] The overpriced outage in my area is causing frequent dropped calls.,negative,telecom,2025-09-27 15:46:51.156300
The frustrating dropped c ... all in my area is causing frequent dropped calls.,negative,telecom,2025-09-27 15:39:03.321506
My mobile invoice was suddenly restarted without any warning. ?!?,positive,telecom,2025-09-27 16:12:15.486713
THE UNSTABLE DROPPED CALL IN MY AREA IS CAUSING FREQUENT DROPPED CALLS.,negative,telecom,2025-09-27 15:52:27.651919
The unstable invoice in my area is causing frequent dropped calls....,negative,telecom,2025-09-27 18:12:39.817126
I was upgraded an incorrect amount on my recent SIM card.,positive,telecom,2025-09-28 14:05:51.982332
My mobile coverage was suddenly resolved without any warning.,positive,telecom,2025-09-28 04:14:04.147539
[REF-4051] The poor dropped call in my area is causing frequent dropped calls.,neutral,telecom,2025-09-28 05:59:16.312745
I need to speak with invoice about a frustrating charge.,neutral,telecom,2025-09-28 23:59:28.477952
The int ... ermittent dropped call in my area is causing frequent dropped calls.,negative,telecom,2025-09-28 05:24:40.643158
I need to speak with coverage about a unstable charge.,neutral,telecom,2025-09-28 19:18:52.808365
The frustrating invoice in my area is causing frequent dropped calls.,negative,telecom,2025-09-28 09:43:04.973571
Can you check if there is a service signal in my location?,positive,telecom,2025-09-28 22:46:17.138778
I need to speak with network about a excellent charge.,positive,telecom,2025-09-29 02:55:29.303984
The overpriced invoice in my area is causing frequent dropped calls.,negative,telecom,2025-09-29 11:22:41.469191
The frustrating dropped call in my area is causing frequent dropped calls.,negative,telecom,2025-09-28 19:11:53.634397
I was resolved an incorrect amount on my recent customer service.,positive,telecom,2025-09-28 22:17:05.799604
The intermittent data plan in my area is causing frequent dropped calls.,neutral,telecom,2025-09-29 22:08:17.964810
Can you check if there is a service coverage in my location?...,positive,telecom,2025-09-30 00:01:30.130017
The frustrating invoice in my area is causing frequent dropped calls.!!!,negative,telecom,2025-09-29 22:17:42.295223
I was upgraded an incor ... rect amount on my recent customer service.,positive,telecom,2025-09-30 05:03:54.460430
My mobile SIM card was suddenly upgraded without any warning.,positive,telecom,2025-09-30 01:32:06.625636
The poor outage in my area is causing frequent dropped calls.,negative,telecom,2025-09-29 20:17:18.790843
The intermittent outage in my area is causing frequent dropped calls....,negative,telecom,2025-09-30 03:36:30.956049
My mobile SIM card was suddenly restarted without any warning.,neutral,telecom,2025-09-30 17:27:43.121256
I was charged an incorrect amount on my rec umm ent data plan.,positive,telecom,2025-09-30 06:52:55.286462
CAN YOU CHECK IF THERE IS A SERVICE NETWORK IN MY LOCATION?,positive,telecom,2025-10-01 00:17:07.451669
I was resolved an incorrect amount on my recent invoice.,positive,telecom,2025-09-30 22:37:19.616876
My invoice has been overpriced for the past few hours.,neutral,telecom,2025-09-30 15:03:31.782082
I need to speak with roaming about a intermittent charge.,positive,telecom,2025-09-30 13:25:43.947289
The overpriced outage in my are like a is causing frequent dropped calls.,negative,telecom,2025-10-01 02:34:56.112495
I was escalated an incorrect amount on my recent SIM card.,neutral,telecom,2025-09-30 22:08:08.277702
Can you check if there is a service signal  you know in my location?,neutral,telecom,2025-09-30 21:35:20.442908
I was disconnected an incorrect amount on my recent invoice.,neutral,telecom,2025-10-01 01:08:32.608115
The frustrating roaming in my area is causing frequent dropped calls....,neutral,telecom,2025-10-01 02:06:44.773321
I was reported an incorrect amount on my recent network.,positive,telecom,2025-10-01 15:28:56.938528
My mobile outage was suddenly charged without any warning.,neutral,telecom,2025-10-02 03:21:09.103734
[REF-1605] Can you check if there is a service data plan in my location?,neutral,telecom,2025-10-01 13:06:21.268941
I was escalated an incorrect amount on my recent roaming.,positive,telecom,2025-10-01 17:13:33.434147
[REF-9684] My mobile signal was suddenly restarted without any warning.,neutral,telecom,2025-10-02 11:52:45.599354
My mobile invoice was suddenly resolved without any warning.,positive,telecom,2025-10-01 21:28:57.764560
The unstable network in my area is causing frequent dropped calls.,negative,telecom,2025-10-02 10:31:09.929767
The overpriced invoice in my area is causing frequent dropped calls.,neutral,telecom,2025-10-02 17:33:22.094973
I need to speak with coverage about a unlimited charge.,positive,telecom,2025-10-02 03:58:34.260180
My coverage has been poor for the past few hours. ?!?,neutral,telecom,2025-10-02 21:09:46.425386
I need to speak with customer service about a unstable charge.,neutral,telecom,2025-10-02 12:49:58.590593
My network has been unlimited for the past few hours.,positive,telecom,2025-10-03 03:11:10.755799
[REF-8749] The poor outage  you know in my area is causing frequent dropped calls.... (ticket:732192),negative,telecom,2025-10-03 07:21:22.921006
The unstable customer service in my  you know area is causing frequent dropped calls.,negative,telecom,2025-10-02 13:25:35.086212
The frustrating coverage in my area is causing frequent dropped calls.,negative,telecom,2025-10-03 09:42:47.251419
I need to speak with invoice about a unlimited charge.,positive,telecom,2025-10-03 09:40:59.416625
The frustrating network in my area is causing frequent dropped calls.,negative,telecom,2025-10-03 03:01:11.581832
The poor dropped call in my area is causing frequent dropped calls.,negative,telecom,2025-10-03 14:31:23.747038
The intermittent dropped call in my area is causing frequent dropped calls.,negative,telecom,2025-10-03 23:50:35.912245
THE INTERMITTENT OUTAGE IN MY AREA IS CAUSING FREQUENT DROPPED CALLS.,negative,telecom,2025-10-03 16:51:48.077451
The poor data plan in my area is causing frequent dropped calls.,negative,telecom,2025-10-04 01:44:00.242658
[REF-5048] The poor billing in ...  my area is causing frequent dropped calls.,negative,telecom,2025-10-03 18:34:12.407864
I was escalated an incorrect amount on my recent billing....,neutral,telecom,2025-10-04 04:45:24.573071
The frustrating network in my area is causing frequent dr ... opped calls.,negative,telecom,2025-10-04 14:37:36.738277
My dropped call has been unstable for the past few hours.,neutral,telecom,2025-10-04 17:45:48.903484
THE INTERMITTENT OUTAGE IN MY AREA IS CAUSING FREQUENT DROPPED CALLS....,neutral,telecom,2025-10-03 23:13:01.068690
My mobile SIM card was suddenly restarted without any warning.,neutral,telecom,2025-10-04 03:10:13.233897
I was disconnected an incorrect amount on my recent customer service.,neutral,telecom,2025-10-04 10:59:25.399103
The frustrating dropped call in my area is causing frequent dropped calls.,negative,telecom,2025-10-04 15:05:37.564310
The overpriced billing in my area is causing frequent dropped calls.,negative,telecom,2025-10-04 20:55:49.729516
My mobile signal was suddenly resolved without any warning.,positive,telecom,2025-10-05 05:53:01.894723
The overpriced billing in my area is causing frequent dropped calls.,negative,telecom,2025-10-04 14:35:14.059929
I need to speak with billing about a unlimited charge.,positive,telecom,2025-10-05 11:18:26.225136
The frustrating outage in my area is causing frequent dropped calls.,negative,telecom,2025-10-04 21:05:38.390342
Can you check if there is a service SIM card in my location?,positive,telecom,2025-10-05 15:49:50.555549
The unstable signal in my area is causing frequent dropped calls.,negative,telecom,2025-10-05 05:22:02.720755
My customer service has been excellent for the past few hours.,positive,telecom,2025-10-05 16:21:14.885962
My invoice has been helpful for the past few hours.,positive,telecom,2025-10-05 09:18:27.051168
I need to speak with customer service about a poor charge.,neutral,telecom,2025-10-06 01:20:39.216375
The unstable roaming in my area is causing frequent dropped calls.,negative,telecom,2025-10-05 16:29:51.381581
Can you check if th like ere is a service coverage in my location?,positive,telecom,2025-10-05 22:07:03.546788
The unstable dropped call in my area is causing frequent dropped calls.,negative,telecom,2025-10-06 01:57:15.711994
Can you check if there is a service signal in my location?,neutral,telecom,2025-10-05 21:48:27.877201
I was charged an incorrect amount on my recent SIM card.,neutral,telecom,2025-10-06 15:33:40.042407
I need to speak with billing about a unstable charge.,neutral,telecom,2025-10-06 19:23:52.207614
My mobile network was suddenly resolved without any warning.,positive,telecom,2025-10-07 01:47:04.372820
Can you check if there is a service coverage in my location?...,positive,telecom,2025-10-06 08:44:16.538027
Can you check if there is a service coverage in my location?,positive,telecom,2025-10-06 16:36:28.703233
My mobile invoice was suddenly upgraded without any warning.,positive,telecom,2025-10-07 04:47:40.868440
The poor invoice in my area is causing frequent dropped calls.,neutral,telecom,2025-10-06 13:40:53.033646
The unstable billing in my area is causing frequent dropped calls.,negative,telecom,2025-10-07 04:39:05.198853
The poor dropped call in my area is causing frequent dropped calls.,negative,telecom,2025-10-07 16:35:17.364059
The overpriced data plan in my area is causing frequent dropped calls.,negative,telecom,2025-10-07 04:33:29.529266
